<?xml version="1.0" encoding="UTF-8"?>
<!DOCTYPE struts PUBLIC
    "-//Apache Software Foundation//DTD Struts Configuration 2.5//EN"
    "http://struts.apache.org/dtds/struts-2.5.dtd">

<struts>

    <constant name="struts.devMode" value="true" />

    <package name="struts2-hello-world" namespace="/" extends="struts-default">
    
    	<action name="Menu">
				<result>/menu/Menu.jsp</result>
		</action>
        
    </package>
    
     <include file="com/nicordesigns/helloworld/helloWorld.xml"/>

</struts>