<?xml version="1.0" encoding="UTF-8"?>
<!DOCTYPE struts PUBLIC
    "-//Apache Software Foundation//DTD Struts Configuration 2.5//EN"
    "http://struts.apache.org/dtds/struts-2.5.dtd">

<struts>

	<constant name="struts.devMode" value="true" />

	<constant name="struts.custom.i18n.resources" value="global" />

	<package name="struts2-interceptors-insurance" namespace="/" extends="struts-default">
	
	    
		
				
		<action name="Menu">
			<result>/menu/Menu.jsp</result>
		</action>
		
	</package>



	<include file="com/nicordesigns/helloworld/helloWorld.xml" />
	<include file="com/nicordesigns/insurance/Insurance.xml" />

</struts>