<?xml version="1.0" encoding="UTF-8" ?>
<!DOCTYPE struts PUBLIC
        "-//Apache Software Foundation//DTD Struts Configuration 2.5//EN"
        "http://struts.apache.org/dtds/struts-2.5.dtd">
<!-- 
  - This file is included by the struts.xml file as an insurance
  - of how to break up the configuration file into multiple files.
-->
<struts>
    <package name="insurance" namespace="/insurance" extends="struts-default">
    
    	<interceptors>
    		<interceptor name="authenticationInterceptor" class="com.nicordesigns.insurance.admin.utils" />
	 		<interceptor-stack name="appDefault">
	 		     <interceptor-ref name="defaultStack">
	 		     	<param name="exception.logEnabled">true</param>
	      			<param name="exception.logLevel">ERROR</param>
	   			</interceptor-ref>
	 	    </interceptor-stack>
		</interceptors>
		
		<default-interceptor-ref name="appDefault" />

        <default-action-ref name="home" />
        
        <action name="home">
			<interceptor-ref name="defaultStack"></interceptor-ref>
			<result>/insurance/login.jsp</result>
		</action>

        
        <!-- Add additional "insurance" package actions here. -->
        <action name="Login" class="com.nicordesigns.insurance.admin.Login">
            <result name="input">/insurance/login.jsp</result>
            <result name="success">/insurance/welcome.jsp</result>
        </action>
        
        <action name="list" class="com.nicordesigns.insurance.admin.AgentAction" method="list">
            <result name="success">/insurance/agents.jsp</result>
        </action>
        
        <action name="showAgent" class="com.nicordesigns.insurance.admin.AgentAction" method="show">
            <result name="success">/insurance/register.jsp</result>
        </action>
        
        <action name="saveAgent" class="com.nicordesigns.insurance.admin.AgentAction" method="save">
        	<result name="input">/insurance/register.jsp</result>
            <result name="success" type="redirectAction">list</result>
        </action>
        
        <action name="cancelAgent" class="com.nicordesigns.insurance.admin.AgentAction" method="cancel">
        	<result name="input">/insurance/register.jsp</result>
            <result name="success" type="redirectAction">list</result>
        </action>

    </package>
</struts>
