<?xml version="1.0" encoding="UTF-8" ?>
<!DOCTYPE struts PUBLIC
        "-//Apache Software Foundation//DTD Struts Configuration 2.0//EN"
        "http://struts.apache.org/dtds/struts-2.0.dtd">

<struts>

	<package name="helloWorld" namespace="/helloWorld" extends="struts-default">

		<action name="Name">
			<result>/helloWorld/NameEntry.jsp</result>
		</action>
		
		<action name="helloInput" class="com.nicordesigns.helloworld.HelloWorld" method="input">
			<result name="input">/helloWorld/NameEntry.jsp</result>
		</action>

		<action name="HelloWorld" class="com.nicordesigns.helloworld.HelloWorld">
			<result name="SUCCESS">/helloWorld/HelloWorld.jsp</result>
		</action>

	</package>

</struts>
