<?xml version="1.0" encoding="UTF-8" ?>
<!DOCTYPE struts PUBLIC
        "-//Apache Software Foundation//DTD Struts Configuration 2.0//EN"
        "http://struts.apache.org/dtds/struts-2.0.dtd">

<struts>

	<package name="InsuranceAgent" namespace="/InsuranceAgent" extends="struts-default">

		<interceptors>
	 		<interceptor-stack name="appDefault">
	 		     <interceptor-ref name="timer" /> 
	 		     <interceptor-ref name="defaultStack">
	 		     	<param name="exception.logEnabled">true</param>
	      			<param name="exception.logLevel">ERROR</param>
	   			</interceptor-ref>
	 	    </interceptor-stack>
		</interceptors>
		
		<default-interceptor-ref name="appDefault" />
		
		<global-results>
			<result name="error">/error.jsp</result>
		</global-results>
		
		<global-exception-mappings>
			<exception-mapping exception="java.lang.Exception" result="error" />
		</global-exception-mappings>
		
		
        <action name="enroll">
			<result>/InsuranceAgent/register.jsp</result>
		</action>
		
		<action name="registerInput" class="com.nicordesigns.insurance.action.Register" method="input">
			<result name="input">/InsuranceAgent/register.jsp</result>
		</action>
		
		
		<action name="register" class="com.nicordesigns.insurance.action.Register" method="execute">
            <result name="success">/InsuranceAgent/thankyou.jsp</result>
            <result name="input">/InsuranceAgent/register.jsp</result>
        </action>
        
        <action name="actionspecificexception" class="com.nicordesigns.insurance.action.Register" method="throwSecurityException">
        	<exception-mapping exception="com.nicordesigns.insurance.exception.SecurityBreachException" result="login" />
        	<result>/InsuranceAgent/register.jsp</result>
        	<result name="login">/InsuranceAgent/login.jsp</result>
        </action>
	   	
        
	</package>

</struts>
